Tn,Th,Tc,Tr,Dn,D,Mn,M,C,N,A
0.225273893,0.332321801,0.192933218,0.150337925,0.60133335,0.322413341,0.215607853,1.178504174,0.600676015,0.376331778,0.874158223
